test,testing to create chanel,private
test,testing to create chanel,private
test,testing to create chanel,private
test,testing to create chanel,private
test,testing to create chanel,private
test,testing to create chanel,private
test,testing to create chanel,private
test,testing to create chanel,private
test,testing to create chanel,private
test,testing to create chanel,private
test,testing to create chanel,private
test,testing to create chanel,private
test,testing to create chanel,private
test,testing to create chanel,private
test,testing to create chanel,private
test,testing to create chanel,private
test,testing to create chanel,private
test,testing to create chanel,private
test,testing to create chanel,private
test,testing to create chanel,private
test,testing to create chanel,private
test,testing to create chanel,private
test,testing to create chanel,private
test,testing to create chanel,private
test,testing to create chanel,private
test,testing to create chanel,private
test,testing to create chanel,private
test,testing to create chanel,private
test,testing to create chanel,private
test,testing to create chanel,private
test,testing to create chanel,private